-- Test
DROP DATABASE test_radish_market_db;
CREATE DATABASE test_radish_market_db;
use test_radish_market_db;

-- Init
DROP DATABASE radish_market_db;
CREATE DATABASE radish_market_db;
use radish_market_db;

-- ìœ ì €
DROP TABLE users;
CREATE TABLE users (
	user_no INT AUTO_INCREMENT PRIMARY KEY,
    user_id VARCHAR(12) NOT NULL,
    user_pw VARCHAR(16) NOT NULL,
    user_name VARCHAR(10) NOT NULL,
    user_age INT  NOT NULL,
    user_email VARCHAR(50) NOT NULL,
    user_nickname VARCHAR(6) NOT NULL,
    user_address VARCHAR(100) NOT NULL,
    user_img VARCHAR(50) NOT NULL DEFAULT 'usersDefaultImg',
    user_phone VARCHAR(13) NOT NULL,
    user_reg_datetime VARCHAR(20) NOT NULL,
    user_dir_x VARCHAR(20) NOT NULL,
    user_dir_y VARCHAR(20)  NOT NULL,
    user_city VARCHAR(10) NOT NULL,
    user_gu VARCHAR(10) NOT NULL,
    user_dong VARCHAR(10) NOT NULL,
    user_deg INT  NOT NULL
    );
DESC users;
SELECT * FROM users;

-- ê±°ëž˜ë¬¼ ì¹´í…Œê³ ë¦¬ 
DROP TABLE item_category;     
CREATE TABLE item_category (
    item_category_no INT AUTO_INCREMENT PRIMARY KEY,
    item_category_name VARCHAR(10) NOT NULL
    );
DESC item_category;
SELECT * FROM item_category;

-- ê±°ëž˜ë¬¼
DROP TABLE items;
CREATE TABLE items (
	item_no INT AUTO_INCREMENT PRIMARY KEY,
    user_no INT NOT NULL, -- FK
    item_category_no INT NOT NULL, -- [item_category] item_category_no ì°¸ì¡°
    item_name VARCHAR(50) NOT NULL,
    item_content VARCHAR(1000) NOT NULL,
    item_price INT UNSIGNED NOT NULL,
    item_reg_datetime VARCHAR(20) NOT NULL,
    item_update_datetime VARCHAR(20) NOT NULL,
    item_status INT NOT NULL,
    item_hits INT NOT NULL
    );
DESC items;
SELECT * FROM items;

-- ìžìœ  ê²Œì‹œíŒ (ë™ë„¤ ìƒí™œ)
DROP TABLE boards;
CREATE TABLE boards (
	board_no INT AUTO_INCREMENT PRIMARY KEY,
    user_no INT NOT NULL, -- FK
    meet_no INT NOT NULL, -- FK
    board_category_no INT NOT NULL, -- [board_category] board_category_no ì°¸ì¡°
    board_title VARCHAR(50) NOT NULL,
    board_content VARCHAR(1000) NOT NULL,
    board_reg_datetime VARCHAR(20) NOT NULL,
    board_update_datetime VARCHAR(20) NOT NULL,
    board_img VARCHAR(50) NOT NULL DEFAULT 'boardsDefaultImg',
    board_hits INT NOT NULL
       );
DESC boards;
SELECT * FROM boards;       

-- ëª¨ìž„
DROP TABLE meets;
CREATE TABLE meets (
	meet_no INT AUTO_INCREMENT PRIMARY KEY,
    host_user_no INT NOT NULL, -- FK
    meet_title VARCHAR(50) NOT NULL,
    meet_content VARCHAR(1000) NOT NULL,
    meet_category INT NOT NULL,
    age_min INT NOT NULL,
    age_max INT NOT NULL,
    meet_img VARCHAR(50) NOT NULL DEFAULT 'meetsDefaultImg'
	);
DESC meets;
SELECT * FROM meets;      

-- í›„ê¸°
DROP TABLE reviews;
CREATE TABLE reviews (
	review_deg TINYINT NOT NULL,
    sell_user_no INT NOT NULL, -- FK
    buy_user_no INT NOT NULL, -- [users] user_no ì°¸ì¡°
    item_no INT NOT NULL, -- FK
    review_content VARCHAR(100) NOT NULL
    );    
DESC reviews;
SELECT * FROM reviews; 

-- ëŒ“ê¸€
DROP TABLE comments;
CREATE TABLE comments (
	comment_no INT AUTO_INCREMENT PRIMARY KEY,
    board_no INT NOT NULL, -- FK
    user_no INT NOT NULL, -- FK
    comment_content VARCHAR(300) NOT NULL,
    comment_reg_datetime VARCHAR(20) NOT NULL,
    check_update TINYINT NOT NULL
     );   
DESC comments;
SELECT * FROM comments;      

-- ìª½ì§€
DROP TABLE letters;
CREATE TABLE letters (
	letter_no INT AUTO_INCREMENT PRIMARY KEY,
    receive_user_no INT NOT NULL, -- FK
	send_user_no INT NOT NULL, -- [users] user_no ì°¸ì¡°
    item_no INT NOT NULL, -- FK
    letter_title VARCHAR(50) NOT NULL,
    letter_content VARCHAR(300) NOT NULL,
    letter_reg_datetime VARCHAR(20) NOT NULL,
    letter_check TINYINT NOT NULL
    );
DESC letters;
SELECT * FROM letters;   

-- ì°œ
DROP TABLE zzims; 
CREATE TABLE zzims (
	user_no INT NOT NULL, -- [users] user_no ì°¸ì¡°
    item_no INT NOT NULL -- FK
	);
DESC zzims;
SELECT * FROM zzims;   

-- ì¢‹ì•„ìš”
DROP TABLE likes; 
CREATE TABLE likes (
    user_no INT NOT NULL, -- [users] user_no ì°¸ì¡°
    board_no INT NOT NULL -- FK
    );
DESC likes;
SELECT * FROM likes;     

-- ê²Œì‹œê¸€ ì¹´í…Œê³ ë¦¬
DROP TABLE board_category; 
CREATE TABLE board_category (
    board_category_no INT AUTO_INCREMENT PRIMARY KEY,
    board_category_name VARCHAR(10) NOT NULL
    );
DESC board_category;
SELECT * FROM board_category;    

-- ëª¨ìž„ ì¹´í…Œê³ ë¦¬     
DROP TABLE meet_category;     
CREATE TABLE meet_category (
    meet_category_no INT AUTO_INCREMENT PRIMARY KEY,
    meet_category_name VARCHAR(10) NOT NULL
    );
DESC meet_category;
SELECT * FROM meet_category; 

-- ì•„ì´í…œ ì´ë¯¸ì§€    
DROP TABLE item_img; 
CREATE TABLE item_img (
    item_img VARCHAR(50) NOT NULL,
    item_no INT NOT NULL -- FK
    );
DESC item_img;
SELECT * FROM item_img; 
   
-- ëª¨ìž„ ê°€ìž…ì‹ ì²­
DROP TABLE meet_join; 
CREATE TABLE meet_join (
    meet_join_no INT AUTO_INCREMENT PRIMARY KEY,
    meet_no INT NOT NULL, -- FK
    user_no INT NOT NULL, -- FK
    meet_join_content VARCHAR(300) NOT NULL
    );
DESC meet_join;
SELECT * FROM meet_join; 

-- ëª¨ìž„ íšŒì›
DROP TABLE meet_users; 
CREATE TABLE meet_users (
    meet_no INT NOT NULL, -- FK
    user_no INT NOT NULL -- FK
	);
DESC meet_users;
SELECT * FROM meet_users; 
    
-- ì•ŒëžŒ
DROP TABLE alarms;  
CREATE TABLE alarms (
	alarm_no INT AUTO_INCREMENT PRIMARY KEY,
    user_no INT NOT NULL, -- FK
    alarm_category_no INT NOT NULL, -- [alarms_category] alarms_category_no ì°¸ì¡°
    link_no INT NOT NULL, -- [items, boards] item_no, board_no ì°¸ì¡°
    alarm_reg_datetime VARCHAR(20) NOT NULL,
	alarm_check TINYINT NOT NULL
	);
DESC alarms;
SELECT * FROM alarms; 
    
-- ì•ŒëžŒ ì¹´í…Œê³ ë¦¬
DROP TABLE alarm_category;  
CREATE TABLE alarm_category (
	alarm_category_no INT AUTO_INCREMENT PRIMARY KEY,
    alarm_category_name VARCHAR(10) NOT NULL,
    alarm_category_content VARCHAR(300) NOT NULL
    );
DESC alarm_category;
SELECT * FROM alarm_category; 

-- ìº˜ë¦°ë”
DROP TABLE calendars;  
CREATE TABLE calendars (
	calendar_no INT AUTO_INCREMENT PRIMARY KEY,
    main_user_no INT NOT NULL, -- FK
    sub_user_no INT NOT NULL, -- [users] sub_user_no ì°¸ì¡°
    meet_no INT NOT NULL, -- FK
    address VARCHAR(100) NOT NULL,
    calendar_dir_x VARCHAR(20) NOT NULL,
    calendar_dir_y VARCHAR(20) NOT NULL,
    calendar_datetime VARCHAR(20) NOT NULL,
    calendar_title VARCHAR(20) NOT NULL,
    calendar_content VARCHAR(100) NOT NULL
    );
DESC calendars;
SELECT * FROM calendars; 

-- ì´ëª¨ì§€
DROP TABLE emojis; 
CREATE TABLE emojis(
	min_deg INT NOT NULL,
    max_deg INT NOT NULL,
    emoji VARCHAR(10) NOT NULL,
    CHECK (min_deg >= 0 AND max_deg <= 100)
    )CHARACTER SET utf8mb4 COLLATE utf8mb4_unicode_ci;
DESC emojis;
SELECT * FROM emojis; 

-- êµ¬ë§¤ëª©ë¡
DROP TABLE carts; 
CREATE TABLE carts(
	item_no INT NOT NULL,
    user_no INT NOT NULL,
    check_reviewed INT NOT NULL
    );
DESC carts;
SELECT * FROM carts; 

-- [ë”ë¯¸ë°ì´í„° ì‚½ìž…] --
-- ìœ ì €
INSERT INTO users (user_id, user_pw, user_name, user_age, user_email, user_nickname, user_address, user_img, user_phone, user_reg_datetime, user_dir_x, user_dir_y, user_city, user_gu, user_dong, user_deg) VALUES
('alice123', 'pass1234', 'ê¹€ë¯¼ì§€', 25, 'alice123@gmail.com', 'ë¯¼ì§€', 'ì„œìš¸íŠ¹ë³„ì‹œ ê°•ë‚¨êµ¬ ì—­ì‚¼ë™ 123-45', 'usersDefaultImg', '010-1234-5678', '2025-03-01 10:00:00', '37.5013', '127.0396', 'ì„œìš¸', 'ê°•ë‚¨êµ¬', 'ì—­ì‚¼ë™', 5),
('bob456', 'pass5678', 'ì´ì¤€í˜¸', 30, 'bob456@naver.com', 'ì¤€í˜¸', 'ì„œìš¸íŠ¹ë³„ì‹œ ì„œì´ˆêµ¬ ì„œì´ˆë™ 456-78', 'usersDefaultImg', '010-2345-6789', '2025-03-02 12:30:00', '37.489', '127.018', 'ì„œìš¸', 'ì„œì´ˆêµ¬', 'ì„œì´ˆë™', 4),
('charlie789', 'pass9012', 'ë°•ìˆ˜ì˜', 28, 'charlie789@daum.net', 'ìˆ˜ì˜', 'ì„œìš¸íŠ¹ë³„ì‹œ ì†¡íŒŒêµ¬ ìž ì‹¤ë™ 789-12', 'usersDefaultImg', '010-3456-7890', '2025-03-03 15:45:00', '37.5112', '127.0981', 'ì„œìš¸', 'ì†¡íŒŒêµ¬', 'ìž ì‹¤ë™', 3);

-- ê±°ëž˜ë¬¼ ì¹´í…Œê³ ë¦¬
INSERT INTO item_category (item_category_name) VALUES
('ì˜ë¥˜'),
('ê°€ì „'),
('ê°€êµ¬'),
('ë„ì„œ');

-- ê±°ëž˜ë¬¼
INSERT INTO items (user_no, item_category_no, item_name, item_content, item_price, item_reg_datetime, item_update_datetime, item_status, item_hits) VALUES
(1, 1, 'í°ìƒ‰ í‹°ì…”ì¸ ', 'ìƒˆ ìƒí’ˆ, M ì‚¬ì´ì¦ˆ, ë©´ ì†Œìž¬', 15000, '2025-03-04 09:00:00', '2025-03-04 09:00:00', 1, 10),
(2, 2, 'ì „ìžë ˆì¸ì§€', 'ì‚¬ìš© 1ë…„, ìƒíƒœ ì¢‹ìŒ', 50000, '2025-03-04 11:00:00', '2025-03-04 11:00:00', 1, 25),
(3, 3, 'ì±…ìƒ', 'ì›ëª© ì±…ìƒ, ì•½ê°„ ì‚¬ìš©ê° ìžˆìŒ', 30000, '2025-03-05 14:00:00', '2025-03-05 14:00:00', 1, 15);

INSERT INTO items (user_no, item_category_no, item_name, item_content, item_price, item_reg_datetime, item_update_datetime, item_status, item_hits) VALUES
(1, 1, 'ì‚¼ì„± ë…¸íŠ¸ë¶', 'ì‚¬ìš© 1ë…„, ìƒíƒœ ì–‘í˜¸', 450000, '2025-03-15 10:00:00', '2025-03-15 10:00:00', 0, 25),
(2, 2, 'ì•„ì´í° 13', '32GB, í ì§‘ ì—†ìŒ', 600000, '2025-03-14 15:30:00', '2025-03-14 15:30:00', 1, 50),
(3, 3, 'ìžì „ê±°', 'MTB, ìƒˆê²ƒê³¼ ê°™ìŒ', 150000, '2025-03-16 09:15:00', '2025-03-16 09:15:00', 0, 10),
(4, 4, 'ì±…ìƒ', 'ëª©ìž¬, ê°„ë‹¨í•œ ë””ìžì¸', 80000, '2025-03-13 12:45:00', '2025-03-13 12:45:00', 2, 75),
(5, 5, 'í—¤ë“œí°', 'ì†Œë‹ˆ WH-1000XM4', 250000, '2025-03-17 08:20:00', '2025-03-17 08:20:00', 0, 30),
(6, 1, 'LG ëª¨ë‹ˆí„°', '27ì¸ì¹˜, Full HD', 200000, '2025-03-15 14:00:00', '2025-03-15 14:00:00', 1, 15),
(7, 2, 'ê°¤ëŸ­ì‹œ ì›Œì¹˜', 'ì‚¬ìš© 6ê°œì›”', 120000, '2025-03-16 11:10:00', '2025-03-16 11:10:00', 0, 40),
(8, 3, 'ìš´ë™í™”', 'ë‚˜ì´í‚¤, ì‚¬ì´ì¦ˆ 270', 70000, '2025-03-14 16:30:00', '2025-03-14 16:30:00', 2, 90),
(9, 4, 'ì˜ìž', 'ì‚¬ë¬´ìš©, ì¡°ì ˆ ê°€ëŠ¥', 90000, '2025-03-13 09:00:00', '2025-03-13 09:00:00', 0, 20),
(10, 5, 'ê²Œìž„ ì½˜ì†”', 'PS5, íŒ¨ë“œ í¬í•¨', 500000, '2025-03-17 13:45:00', '2025-03-17 13:45:00', 1, 60),
(1, 1, 'ì• í”Œ ë§¥ë¶', '2019ë…„í˜•, 256GB', 700000, '2025-03-15 11:30:00', '2025-03-15 11:30:00', 0, 35),
(2, 2, 'ì•„ì´íŒ¨ë“œ', '9ì„¸ëŒ€, 64GB', 300000, '2025-03-16 10:15:00', '2025-03-16 10:15:00', 2, 45),
(3, 3, 'ìº í•‘ í…íŠ¸', '4ì¸ìš©, ë°©ìˆ˜', 180000, '2025-03-14 14:00:00', '2025-03-14 14:00:00', 0, 12),
(4, 4, 'ì±…ìž¥', 'ì¤‘ê³ , ë†’ì´ 1.8m', 60000, '2025-03-13 15:20:00', '2025-03-13 15:20:00', 1, 80),
(5, 5, 'ìŠ¤í”¼ì»¤', 'JBL, ë¸”ë£¨íˆ¬ìŠ¤', 100000, '2025-03-17 07:50:00', '2025-03-17 07:50:00', 0, 25),
(6, 1, 'ë¸ ë…¸íŠ¸ë¶', 'i5, 8GB RAM', 350000, '2025-03-15 13:00:00', '2025-03-15 13:00:00', 2, 70),
(7, 2, 'ì‚¼ì„± íƒœë¸”ë¦¿', '10ì¸ì¹˜, ì¤‘ê³ ', 150000, '2025-03-16 12:30:00', '2025-03-16 12:30:00', 0, 30),
(8, 3, 'í”¼ì•„ë…¸', 'ì „ìž, ì‚¬ìš©ê° ìžˆìŒ', 400000, '2025-03-14 17:45:00', '2025-03-14 17:45:00', 1, 55),
(9, 4, 'ì†ŒíŒŒ', '2ì¸ìš©, ê°€ì£½', 200000, '2025-03-13 10:10:00', '2025-03-13 10:10:00', 0, 15),
(10, 5, 'ë“œë¡ ', 'DJI Mini 2', 300000, '2025-03-17 14:15:00', '2025-03-17 14:15:00', 2, 85),
(1, 1, 'HP ë…¸íŠ¸ë¶', 'ì‚¬ìš© 2ë…„', 250000, '2025-03-15 12:00:00', '2025-03-15 12:00:00', 0, 20),
(2, 2, 'êµ¬ê¸€ í”½ì…€', '6 Pro, 128GB', 400000, '2025-03-16 09:45:00', '2025-03-16 09:45:00', 1, 65),
(3, 3, 'ë‚šì‹¯ëŒ€', 'íƒ„ì†Œìž¬, 2.4m', 50000, '2025-03-14 13:30:00', '2025-03-14 13:30:00', 0, 10),
(4, 4, 'TV', '32ì¸ì¹˜, LED', 150000, '2025-03-13 16:00:00', '2025-03-13 16:00:00', 2, 90),
(5, 5, 'ë§ˆì´í¬', 'ì½˜ë´ì„œ, USB', 80000, '2025-03-17 08:00:00', '2025-03-17 08:00:00', 0, 30),
(6, 1, 'ë ˆë…¸ë²„ ë…¸íŠ¸ë¶', 'i7, 16GB', 600000, '2025-03-15 14:30:00', '2025-03-15 14:30:00', 1, 40),
(7, 2, 'ì—ì–´íŒŸ í”„ë¡œ', '1ì„¸ëŒ€, ìƒíƒœ ì¢‹ìŒ', 120000, '2025-03-16 11:00:00', '2025-03-16 11:00:00', 0, 50),
(8, 3, 'ì„œí•‘ë³´ë“œ', 'ì´ˆë³´ìš©, 7í”¼íŠ¸', 250000, '2025-03-14 15:15:00', '2025-03-14 15:15:00', 2, 70),
(9, 4, 'ì¹¨ëŒ€', 'ì‹±ê¸€, ë§¤íŠ¸ í¬í•¨', 180000, '2025-03-13 11:30:00', '2025-03-13 11:30:00', 0, 25),
(10, 5, 'ì¹´ë©”ë¼', 'ìºë…¼ EOS M50', 350000, '2025-03-17 13:00:00', '2025-03-17 13:00:00', 1, 60);

-- ëª¨ìž„
INSERT INTO meets (host_user_no, meet_title, meet_content, meet_category, age_min, age_max, meet_img) VALUES
(1, 'ê°•ë‚¨ ë…ì„œ ëª¨ìž„', 'ë§¤ì£¼ í† ìš”ì¼ ì±… ì½ê³  í† ë¡ í•˜ëŠ” ëª¨ìž„ìž…ë‹ˆë‹¤.', 1, 20, 40, 'meetsDefaultImg'),
(2, 'ì„œì´ˆ ëŸ¬ë‹ í´ëŸ½', 'ì•„ì¹¨ ëŸ¬ë‹ í•¨ê»˜ í•˜ì‹¤ ë¶„ ëª¨ì§‘!', 2, 25, 45, 'meetsDefaultImg');

-- ê²Œì‹œê¸€ ì¹´í…Œê³ ë¦¬
INSERT INTO board_category (board_category_name) VALUES
('ì§ˆë¬¸'),
('ì •ë³´ê³µìœ '),
('ë™ë„¤ì†Œì‹');

-- ìžìœ  ê²Œì‹œíŒ (ë™ë„¤ ìƒí™œ)
INSERT INTO boards (user_no, meet_no, board_category_no, board_title, board_content, board_reg_datetime, board_update_datetime, board_img, board_hits) VALUES
(1, 1, 1, 'ë…ì„œ ëª¨ìž„ ì‹œê°„ ë¬¸ì˜', 'ì´ë²ˆ ì£¼ í† ìš”ì¼ ëª‡ ì‹œì— ë§Œë‚˜ë‚˜ìš”?', '2025-03-06 10:00:00', '2025-03-06 10:00:00', 'boardsDefaultImg', 5),
(2, 2, 2, 'ëŸ¬ë‹ ì½”ìŠ¤ ì¶”ì²œ', 'ì„œì´ˆ ê·¼ì²˜ ì¢‹ì€ ëŸ¬ë‹ ì½”ìŠ¤ ì•„ì‹œëŠ” ë¶„?', '2025-03-06 11:00:00', '2025-03-06 11:00:00', 'boardsDefaultImg', 8);

-- í›„ê¸°
INSERT INTO reviews (review_deg, sell_user_no, buy_user_no, item_no, review_content) VALUES
(5, 1, 2, 1, 'í‹°ì…”ì¸  ìƒíƒœ ì •ë§ ì¢‹ë„¤ìš”! ì¶”ì²œí•©ë‹ˆë‹¤.'),
(4, 2, 3, 2, 'ì „ìžë ˆì¸ì§€ ìž˜ ìž‘ë™í•´ìš”. ê°€ê²©ë„ ì ë‹¹.');

-- ëŒ“ê¸€
INSERT INTO comments (board_no, user_no, comment_content, comment_reg_datetime, check_update) VALUES
(1, 2, 'ì˜¤í›„ 2ì‹œë¡œ ì•Œê³  ìžˆìŠµë‹ˆë‹¤!', '2025-03-06 10:30:00', 0),
(2, 3, 'ë°˜í¬ í•œê°•ê³µì› ì½”ìŠ¤ ì¶”ì²œë“œë ¤ìš”.', '2025-03-06 11:30:00', 0);

-- ìª½ì§€
INSERT INTO letters (receive_user_no, send_user_no, item_no, letter_title, letter_content, letter_reg_datetime, letter_check) VALUES
(1, 2, 1, 'í‹°ì…”ì¸  êµ¬ë§¤ ë¬¸ì˜', 'í‹°ì…”ì¸  ì•„ì§ ìžˆë‚˜ìš”? ì§ê±°ëž˜ ê°€ëŠ¥í• ê¹Œìš”?', '2025-03-06 12:00:00', 0),
(2, 3, 2, 'ì „ìžë ˆì¸ì§€ ë¬¸ì˜', 'ì „ìžë ˆì¸ì§€ ìƒíƒœ ë” ìžì„¸ížˆ ì•Œë ¤ì£¼ì„¸ìš”.', '2025-03-06 13:00:00', 0);

-- ì°œ
INSERT INTO zzims (user_no, item_no) VALUES
(2, 1),
(3, 2),
(1, 3);

-- ì¢‹ì•„ìš”
INSERT INTO likes (user_no, board_no) VALUES
(2, 1),
(3, 1),
(1, 2);

-- ëª¨ìž„ ì¹´í…Œê³ ë¦¬
INSERT INTO meet_category (meet_category_name) VALUES
('ë…ì„œ'),
('ìš´ë™'),
('ì·¨ë¯¸');

-- ì•„ì´í…œ ì´ë¯¸ì§€
INSERT INTO item_img (item_img, item_no) VALUES
('tshirt.jpg', 1),
('microwave.jpg', 2),
('desk.jpg', 3);

-- ëª¨ìž„ ê°€ìž…ì‹ ì²­
INSERT INTO meet_join (meet_no, user_no, meet_join_content) VALUES
(1, 2, 'ë…ì„œ ëª¨ìž„ ì°¸ì—¬í•˜ê³  ì‹¶ìŠµë‹ˆë‹¤! ì±… ì½ëŠ” ê±° ì¢‹ì•„í•´ìš”.'),
(2, 3, 'ëŸ¬ë‹ í´ëŸ½ ê°€ìž… í¬ë§í•©ë‹ˆë‹¤. ë§¤ì¼ ì•„ì¹¨ ëŸ¬ë‹í•´ìš”.');

-- ëª¨ìž„ íšŒì›
INSERT INTO meet_users (meet_no, user_no) VALUES
(1, 1),
(1, 2),
(2, 2),
(2, 3);

-- ì•ŒëžŒ ì¹´í…Œê³ ë¦¬
INSERT INTO alarm_category (alarm_category_name, alarm_category_content) VALUES
('ì¢‹ì•„ìš”','ëˆ„êµ°ê°€ ê²Œì‹œê¸€ì„ ì¢‹ì•„í•©ë‹ˆë‹¤.'),
('ëŒ“ê¸€','ê²Œì‹œê¸€ì— ëŒ“ê¸€ì´ ì¶”ê°€ë˜ì—ˆìŠµë‹ˆë‹¤.'),
('ì°œ','ëˆ„êµ°ê°€ ì•„ì´í…œì„ ì°œí–ˆìŠµë‹ˆë‹¤.'),
('ë¦¬ë·°','íŒë§¤ ë¬¼í’ˆì— ë¦¬ë·°ê°€ ì¶”ê°€ë˜ì—ˆìŠµë‹ˆë‹¤.'),
('ë¦¬ë·°','êµ¬ë§¤í•œ í’ˆëª©ì˜ ë¦¬ë·°ë¥¼ ìž‘ì„±í•´ì£¼ì„¸ìš”.'),
('ìª½ì§€','ìƒˆë¡œìš´ ìª½ì§€ê°€ ìžˆìŠµë‹ˆë‹¤.'),
('ì¼ì •','ëˆ„êµ°ê°€ ìƒˆë¡œìš´ ì¼ì •ì— ë‚˜ë¥¼ ì¶”ê°€í–ˆìŠµë‹ˆë‹¤.'),
('ëª¨ìž„','ëˆ„êµ°ê°€ ëª¨ìž„ì— ê°€ìž… ì‹ ì²­ì„ í–ˆìŠµë‹ˆë‹¤.'),
('ëª¨ìž„','ì‹ ì²­í–ˆë˜ ëª¨ìž„ì— ê°€ìž…ë˜ì—ˆìŠµë‹ˆë‹¤.');

-- ì•ŒëžŒ
INSERT INTO alarms (user_no, alarm_category_no, link_no, alarm_reg_datetime, alarm_check) VALUES
(1, 1, 1, '2025-03-06 12:00:00', 0),
(2, 2, 1, '2025-03-06 10:30:00', 0),
(1, 3, 2, '2025-03-06 11:00:00', 0),
(1, 5, 2, '2025-03-06 11:00:00', 0);

-- ìº˜ë¦°ë”
INSERT INTO calendars (main_user_no, sub_user_no, meet_no, address, calendar_dir_x, calendar_dir_y, calendar_datetime, calendar_title, calendar_content) VALUES
(1, 2, 1, 'ì„œìš¸íŠ¹ë³„ì‹œ ê°•ë‚¨êµ¬ ì—­ì‚¼ë™ ì¹´íŽ˜', '37.5013', '127.0396', '2025-03-07 14:00:00', 'ë…ì„œ ëª¨ìž„', 'ì´ë²ˆ ì£¼ ì±…: "ë°ë¯¸ì•ˆ"'),
(2, 3, 2, 'ì„œìš¸íŠ¹ë³„ì‹œ ì„œì´ˆêµ¬ ë°˜í¬ í•œê°•ê³µì›', '37.489', '127.018', '2025-03-08 07:00:00', 'ì•„ì¹¨ ëŸ¬ë‹', '5km ì½”ìŠ¤ ì˜ˆì •');

-- ì´ëª¨ì§€
INSERT INTO emojis (min_deg, max_deg, emoji) VALUES
(0, 20, 'ðŸ˜°'),
(21, 35, 'ðŸ™'),
(36, 48, 'ðŸ™‚'),
(49, 63, 'ðŸ˜€'),
(64, 80, 'ðŸ˜„'),
(81, 100, 'ðŸ˜†');

-- êµ¬ë§¤ëª©ë¡
INSERT INTO carts (item_no, user_no, check_reviewed) VALUES
(1, 1, 0),
(2, 1, 0),
(3, 1, 1),
(4, 1, 0);


-- [ì™¸ëž˜ í‚¤ ì„¤ì •] --
	-- items FK
    ALTER TABLE items
    ADD CONSTRAINT fk_items_user_no 
    FOREIGN KEY (user_no) 
    REFERENCES users(user_no) 
    ON DELETE CASCADE ON UPDATE CASCADE;
    
    -- boards FK
    ALTER TABLE boards
    ADD CONSTRAINT fk_boards_user_no 
    FOREIGN KEY (user_no) 
    REFERENCES users(user_no) 
    ON DELETE CASCADE ON UPDATE CASCADE;
    
    -- boards FK
    ALTER TABLE boards
    ADD CONSTRAINT fk_boards_meet_no 
    FOREIGN KEY (meet_no) 
    REFERENCES meets(meet_no) 
    ON DELETE CASCADE ON UPDATE CASCADE;
    
    -- meets FK
    ALTER TABLE meets
    ADD CONSTRAINT fk_meets_host_user_no 
    FOREIGN KEY (host_user_no) 
    REFERENCES users(user_no) 
	ON DELETE CASCADE ON UPDATE CASCADE;
	
	-- reviews FK
    ALTER TABLE reviews
    ADD CONSTRAINT fk_reviews_sell_user_no 
    FOREIGN KEY (sell_user_no) 
    REFERENCES users(user_no) 
    ON DELETE CASCADE ON UPDATE CASCADE;
    
    -- reviews FK
    ALTER TABLE reviews
    ADD CONSTRAINT fk_reviews_item_no 
    FOREIGN KEY (item_no) 
    REFERENCES items(item_no) 
    ON DELETE CASCADE ON UPDATE CASCADE;
    
    -- comments FK
    ALTER TABLE comments
    ADD CONSTRAINT fk_comments_board_no 
    FOREIGN KEY (board_no) 
    REFERENCES boards(board_no) 
    ON DELETE CASCADE ON UPDATE CASCADE;
    
    -- comments FK
    ALTER TABLE comments
    ADD CONSTRAINT fk_comments_user_no 
    FOREIGN KEY (user_no) 
    REFERENCES users(user_no) 
    ON DELETE CASCADE ON UPDATE CASCADE;
    
    -- receive_user_no (users)
    ALTER TABLE letters
		ADD CONSTRAINT fk_letters_receive_user_no 
    FOREIGN KEY (receive_user_no) 
    REFERENCES users(user_no) 
    ON DELETE CASCADE ON UPDATE CASCADE;
    
    -- item_no (items)
		ALTER TABLE letters
		ADD CONSTRAINT fk_letters_item_no 
    FOREIGN KEY (item_no) 
    REFERENCES items(item_no) 
    ON DELETE CASCADE ON UPDATE CASCADE;
    
    -- zzims FK
		ALTER TABLE zzims
    ADD CONSTRAINT fk_zzims_item_no 
    FOREIGN KEY (item_no) 
    REFERENCES items(item_no) 
    ON DELETE CASCADE ON UPDATE CASCADE;
    
    -- likes FK
    ALTER TABLE likes
    ADD CONSTRAINT fk_likes_board_no 
    FOREIGN KEY (board_no) 
    REFERENCES boards(board_no) 
    ON DELETE CASCADE ON UPDATE CASCADE;
    
    -- item_img FK
    ALTER TABLE item_img
    ADD CONSTRAINT fk_item_img_item_no 
    FOREIGN KEY (item_no) 
    REFERENCES items(item_no) 
    ON DELETE CASCADE ON UPDATE CASCADE;
    
    -- meet_join FK
    ALTER TABLE meet_join
		ADD CONSTRAINT fk_meet_join_meet_no 
    FOREIGN KEY (meet_no) 
    REFERENCES meets(meet_no) 
    ON DELETE CASCADE ON UPDATE CASCADE;
    
    -- meet_join FK
    ALTER TABLE meet_join
		ADD CONSTRAINT fk_meet_join_user_no 
    FOREIGN KEY (user_no) 
    REFERENCES users(user_no) 
    ON DELETE CASCADE ON UPDATE CASCADE;
    
    -- meet_users FK
    ALTER TABLE meet_users
    ADD CONSTRAINT fk_meet_users_meet_no 
    FOREIGN KEY (meet_no) 
    REFERENCES meets(meet_no) 
    ON DELETE CASCADE ON UPDATE CASCADE;
    
	-- meet_users FK
    ALTER TABLE meet_users
    ADD CONSTRAINT fk_meet_users_user_no 
    FOREIGN KEY (user_no) 
    REFERENCES users(user_no) 
    ON DELETE CASCADE ON UPDATE CASCADE;
    
    -- alarms FK
    ALTER TABLE alarms
    ADD CONSTRAINT fk_alarms_user_no 
    FOREIGN KEY (user_no) 
    REFERENCES users(user_no) 
    ON DELETE CASCADE ON UPDATE CASCADE;
    
    -- calendar FK
    ALTER TABLE calendars
    ADD CONSTRAINT fk_calendars_main_user_no 
    FOREIGN KEY (main_user_no) 
    REFERENCES users(user_no) 
    ON DELETE CASCADE ON UPDATE CASCADE;
    
    -- calendar FK
    ALTER TABLE calendars
    ADD CONSTRAINT fk_calendars_meet_no 
    FOREIGN KEY (meet_no) 
    REFERENCES meets(meet_no) 
    ON DELETE CASCADE ON UPDATE CASCADE;